attendance,internal_marks,assignment_score,study_hours,gpa,previous_failures,risk
95,88,92,4.5,8.8,0,Low
92,85,90,4.0,8.5,0,Low
88,82,85,3.8,8.2,0,Low
85,78,82,3.5,7.9,0,Low
80,75,78,3.2,7.6,0,Low
78,72,75,3.0,7.3,0,Low
90,80,88,4.0,8.0,0,Low
83,76,80,3.5,7.5,0,Low
76,70,72,2.8,7.0,1,Medium
72,68,70,2.5,6.8,1,Medium
70,65,68,2.5,6.5,1,Medium
68,62,65,2.2,6.3,1,Medium
75,64,70,2.5,6.7,1,Medium
65,60,62,2.0,6.1,1,Medium
73,58,65,2.2,6.4,1,Medium
67,55,60,2.0,5.9,2,Medium
60,52,55,1.8,5.7,2,High
55,48,50,1.5,5.4,2,High
50,45,48,1.2,5.1,3,High
48,40,45,1.0,4.9,3,High
45,38,40,1.0,4.7,3,High
52,42,44,1.3,5.0,2,High
58,46,50,1.5,5.3,2,High
42,35,38,0.8,4.5,4,High
62,55,58,1.8,5.8,2,High
82,74,76,3.0,7.7,0,Low
79,69,74,2.8,7.2,0,Low
74,67,71,2.6,6.9,1,Medium
69,61,63,2.1,6.2,1,Medium
57,50,52,1.5,5.5,2,High